Status de venta,Fecha de venta,Nombre activo,Símbolo activo,Categoría activo,Rescate en dólares,Acciones vendidas
completada,2024-01-23,SPDR S&P 500 ETF Trust,SPY,etf,"1,06","0,002197377"
completada,2024-01-24,NVIDIA Corp,NVDA,stock,"1,11","0,001783046"
completada,2024-03-15,Amazon.com Inc,AMZN,stock,10,"0,057270489"
completada,2024-03-15,NVIDIA Corp,NVDA,stock,10,"0,011213403"
completada,2024-03-18,Apple Inc,AAPL,stock,10,"0,056628349"
completada,2024-03-18,Alphabet Inc,GOOG,stock,20,"0,132634791"
completada,2024-03-18,NVIDIA Corp,NVDA,stock,10,"0,01094092"
completada,2024-03-18,Tesla Inc,TSLA,stock,10,"0,059477786"
completada,2024-03-18,Tesla Inc,TSLA,stock,10,"0,057623603"
completada,2024-03-18,Meta Platforms Inc,META,stock,10,"0,020240867"
completada,2024-03-19,SPDR S&P 500 ETF Trust,SPY,etf,"35,06","0,068037608"
completada,2024-03-20,NVIDIA Corp,NVDA,stock,10,"0,011075915"
completada,2024-03-20,Berkshire Hathaway Inc,BRK.B,stock,10,"0,024147007"
completada,2024-03-20,Tesla Inc,TSLA,stock,10,"0,057750058"
completada,2024-03-20,Microsoft Corp,MSFT,stock,10,"0,023524984"
completada,2024-03-20,Meta Platforms Inc,META,stock,10,"0,019789832"
completada,2024-03-20,Amazon.com Inc,AMZN,stock,10,"0,056198719"
completada,2024-03-21,NVIDIA Corp,NVDA,stock,10,"0,010926096"
completada,2024-03-21,Alphabet Inc,GOOG,stock,10,"0,066348196"
completada,2024-03-22,NVIDIA Corp,NVDA,stock,10,"0,010686273"
completada,2024-03-25,NVIDIA Corp,NVDA,stock,10,"0,010369572"
completada,2024-03-25,Tesla Inc,TSLA,stock,10,"0,057887121"
completada,2024-03-26,Tesla Inc,TSLA,stock,10,"0,054743527"
completada,2024-03-28,Dell Technologies Inc,DELL,stock,10,"0,087943013"
completada,2024-03-28,Advanced Micro Devices Inc,AMD,stock,10,"0,054620931"
completada,2024-03-28,Atlassian Corp,TEAM,stock,10,"0,051156129"
completada,2024-04-01,Amazon.com Inc,AMZN,stock,10,"0,054671697"
completada,2024-04-01,Dell Technologies Inc,DELL,stock,10,"0,085822177"
completada,2024-04-01,Alphabet Inc,GOOG,stock,10,"0,064250836"
completada,2024-04-01,NVIDIA Corp,NVDA,stock,10,"0,010869566"
completada,2024-04-01,Dell Technologies Inc,DELL,stock,10,"0,084210527"
completada,2024-04-02,Berkshire Hathaway Inc,BRK.B,stock,"20,92","0,049748986"
completada,2024-04-03,Dell Technologies Inc,DELL,stock,"9,99","0,08291874"
completada,2024-04-03,Meta Platforms Inc,META,stock,10,"0,019838515"
completada,2024-04-03,NVIDIA Corp,NVDA,stock,10,"0,011077878"
completada,2024-04-03,Advanced Micro Devices Inc,AMD,stock,10,"0,055011553"
completada,2024-04-03,Tesla Inc,TSLA,stock,10,"0,059797884"
completada,2024-04-03,Dell Technologies Inc,DELL,stock,10,"0,080762398"
completada,2024-04-03,Amazon.com Inc,AMZN,stock,10,"0,054821556"
completada,2024-04-03,Dell Technologies Inc,DELL,stock,10,"0,077387402"
completada,2024-04-04,Meta Platforms Inc,META,stock,10,"0,019207499"
completada,2024-04-04,Dell Technologies Inc,DELL,stock,"2,89","0,021822612"
completada,2024-04-04,Microsoft Corp,MSFT,stock,"30,29","0,071009088"
completada,2024-04-04,Tesla Inc,TSLA,stock,10,"0,058554866"
completada,2024-04-04,Tesla Inc,TSLA,stock,10,"0,057064598"
completada,2024-04-05,SPDR Gold Shares,GLD,etf,10,"0,046557103"
completada,2024-04-05,Atlassian Corp,TEAM,stock,"30,59","0,153710618"
completada,2024-04-05,Amazon.com Inc,AMZN,stock,"0,1","0,000537057"
completada,2024-04-05,Amazon.com Inc,AMZN,stock,"9,9","0,053188632"
completada,2024-04-08,Tesla Inc,TSLA,stock,10,"0,058524025"
completada,2024-04-09,Avis Budget Group Inc,CAR,stock,"9,97","0,080879975"
completada,2024-04-09,Alphabet Inc,GOOG,stock,10,"0,062988159"
completada,2024-04-09,Tesla Inc,TSLA,stock,10,"0,057372347"
completada,2024-04-09,Avis Budget Group Inc,CAR,stock,"9,99","0,07936508"
completada,2024-04-09,Tesla Inc,TSLA,stock,10,"0,055872165"
completada,2024-04-09,SPDR Gold Shares,GLD,etf,10,"0,045930554"
completada,2024-04-10,Dell Technologies Inc,DELL,stock,10,"0,080580178"
completada,2024-04-10,NVIDIA Corp,NVDA,stock,10,"0,011619531"
completada,2024-04-10,Meta Platforms Inc,META,stock,10,"0,019264111"
completada,2024-04-11,NVIDIA Corp,NVDA,stock,10,"0,011375141"
completada,2024-04-11,Advanced Micro Devices Inc,AMD,stock,10,"0,059038848"
completada,2024-04-11,NVIDIA Corp,NVDA,stock,10,"0,011137098"
completada,2024-04-11,Apple Inc,AAPL,stock,10,"0,058377117"
completada,2024-04-11,Amazon.com Inc,AMZN,stock,10,"0,052842951"
completada,2024-04-11,Apple Inc,AAPL,stock,10,"0,057577154"
completada,2024-04-11,Tesla Inc,TSLA,stock,10,"0,057149389"
completada,2024-04-12,Apple Inc,AAPL,stock,10,"0,056695771"
completada,2024-04-12,Apple Inc,AAPL,stock,10,"0,056195561"
completada,2024-04-15,SPDR Gold Shares,GLD,etf,"0,15","0,000689339"
completada,2024-04-15,SPDR Gold Shares,GLD,etf,"14,85","0,068304126"
completada,2024-04-15,NVIDIA Corp,NVDA,stock,10,"0,011159594"
completada,2024-04-15,Dell Technologies Inc,DELL,stock,10,"0,082946251"
completada,2024-04-15,SPDR Gold Shares,GLD,etf,"0,2","0,000913743"
completada,2024-04-15,SPDR Gold Shares,GLD,etf,"19,8","0,090415088"
completada,2024-04-16,Advanced Micro Devices Inc,AMD,stock,10,"0,061165821"
completada,2024-04-17,Dell Technologies Inc,DELL,stock,10,"0,081017581"
completada,2024-04-24,Tesla Inc,TSLA,stock,20,"0,121366588"
completada,2024-04-25,Tesla Inc,TSLA,stock,10,"0,059241707"
completada,2024-04-26,NVIDIA Corp,NVDA,stock,10,"0,011632777"
completada,2024-04-26,Alphabet Inc,GOOG,stock,10,"0,057863674"
completada,2024-04-26,NVIDIA Corp,NVDA,stock,10,"0,011393415"
completada,2024-04-29,Apple Inc,AAPL,stock,10,"0,056876351"
completada,2024-04-29,Avis Budget Group Inc,CAR,stock,"9,97","0,095950874"
completada,2024-04-29,Tesla Inc,TSLA,stock,10,"0,0534645"
completada,2024-04-29,SPDR Gold Shares,GLD,etf,"0,03","0,000138877"
completada,2024-04-29,Dell Technologies Inc,DELL,stock,10,"0,079107666"
completada,2024-04-29,Tesla Inc,TSLA,stock,10,"0,051821527"
completada,2024-04-29,Tesla Inc,TSLA,stock,10,"0,050978793"
completada,2024-04-29,Advanced Micro Devices Inc,AMD,stock,10,"0,062316944"
completada,2024-04-30,NVIDIA Corp,NVDA,stock,10,"0,011347905"
completada,2024-05-01,Meta Platforms Inc,META,stock,10,"0,022684482"
completada,2024-05-01,Amazon.com Inc,AMZN,stock,10,"0,054386252"
completada,2024-05-02,Avis Budget Group Inc,CAR,stock,40,"0,352671487"
completada,2024-05-02,NVIDIA Corp,NVDA,stock,10,"0,01183348"
completada,2024-05-03,Apple Inc,AAPL,stock,10,"0,054197605"
completada,2024-05-03,Advanced Micro Devices Inc,AMD,stock,10,"0,067462727"
completada,2024-05-03,Avis Budget Group Inc,CAR,stock,"9,98","0,086021506"
completada,2024-05-03,Dell Technologies Inc,DELL,stock,10,"0,07936508"
completada,2024-05-03,NVIDIA Corp,NVDA,stock,10,"0,011397571"
completada,2024-05-03,Tesla Inc,TSLA,stock,10,"0,054498883"
completada,2024-05-03,Meta Platforms Inc,META,stock,10,"0,022159683"
completada,2024-05-06,Avis Budget Group Inc,CAR,stock,"9,97","0,085462781"
completada,2024-05-06,Advanced Micro Devices Inc,AMD,stock,10,"0,065526506"
completada,2024-05-06,NVIDIA Corp,NVDA,stock,10,"0,011120997"
completada,2024-05-06,Tesla Inc,TSLA,stock,10,"0,05404237"
completada,2024-05-06,Alphabet Inc,GOOG,stock,10,"0,058997051"
completada,2024-05-06,Avis Budget Group Inc,CAR,stock,10,"0,083934867"
completada,2024-05-06,Advanced Micro Devices Inc,AMD,stock,10,"0,064197214"
completada,2024-05-06,NVIDIA Corp,NVDA,stock,10,"0,010896333"
completada,2024-05-06,Avis Budget Group Inc,CAR,stock,"9,99","0,082135524"
completada,2024-05-06,Meta Platforms Inc,META,stock,10,"0,021695739"
completada,2024-05-06,Amazon.com Inc,AMZN,stock,10,"0,05331343"
completada,2024-05-06,Dell Technologies Inc,DELL,stock,10,"0,077495351"
completada,2024-05-07,Apple Inc,AAPL,stock,10,"0,054197605"
completada,2024-05-07,Alphabet Inc,GOOG,stock,10,"0,057833556"
completada,2024-05-07,Meta Platforms Inc,META,stock,"10,36","0,022006604"
completada,2024-05-08,Dell Technologies Inc,DELL,stock,"9,99","0,07609192"
completada,2024-05-10,Dell Technologies Inc,DELL,stock,10,"0,074638006"
completada,2024-05-10,Advanced Micro Devices Inc,AMD,stock,10,"0,064541113"
completada,2024-05-13,Tesla Inc,TSLA,stock,10,"0,057441554"
completada,2024-05-13,Avis Budget Group Inc,CAR,stock,"9,98","0,08097166"
completada,2024-05-13,Avis Budget Group Inc,CAR,stock,"9,99","0,079201648"
completada,2024-05-14,Avis Budget Group Inc,CAR,stock,"9,98","0,077006007"
completada,2024-05-14,Tesla Inc,TSLA,stock,10,"0,056192403"
completada,2024-05-14,NVIDIA Corp,NVDA,stock,10,"0,010914648"
completada,2024-05-14,Dell Technologies Inc,DELL,stock,10,"0,074327338"
completada,2024-05-15,Advanced Micro Devices Inc,AMD,stock,10,"0,063869196"
completada,2024-05-15,Dell Technologies Inc,DELL,stock,"14,17","0,101600511"
completada,2024-05-15,Alphabet Inc,GOOG,stock,10,"0,05755727"
completada,2024-05-15,Apple Inc,AAPL,stock,10,"0,053146259"
completada,2024-05-15,NVIDIA Corp,NVDA,stock,10,"0,010661891"
completada,2024-05-16,Advanced Micro Devices Inc,AMD,stock,10,"0,061919505"
completada,2024-05-16,Amazon.com Inc,AMZN,stock,10,"0,053513138"
completada,2024-05-16,Advanced Micro Devices Inc,AMD,stock,10,"0,060255484"
completada,2024-05-17,Alphabet Inc,GOOG,stock,10,"0,056455711"
completada,2024-05-17,Tesla Inc,TSLA,stock,10,"0,056201878"
completada,2024-05-21,Apple Inc,AAPL,stock,10,"0,051923776"
completada,2024-05-21,Tesla Inc,TSLA,stock,10,"0,055878409"
completada,2024-05-21,Tesla Inc,TSLA,stock,10,"0,054094991"
completada,2024-05-23,NVIDIA Corp,NVDA,stock,10,"0,009672303"
completada,2024-05-23,NVIDIA Corp,NVDA,stock,10,"0,009425071"
completada,2024-05-24,Dell Technologies Inc,DELL,stock,"10,23","0,065091453"
completada,2024-05-24,Advanced Micro Devices Inc,AMD,stock,10,"0,061474151"
completada,2024-05-24,Advanced Micro Devices Inc,AMD,stock,10,"0,060002401"
completada,2024-05-24,NVIDIA Corp,NVDA,stock,10,"0,009447242"
completada,2024-05-28,Advanced Micro Devices Inc,AMD,stock,10,"0,058122639"
completada,2024-05-28,NVIDIA Corp,NVDA,stock,10,"0,008920846"
completada,2024-05-30,Tesla Inc,TSLA,stock,10,"0,055096419"
completada,2024-06-03,Tesla Inc,TSLA,stock,10,"0,055374052"
completada,2024-06-03,Advanced Micro Devices Inc,AMD,stock,10,"0,060096154"
completada,2024-06-03,Apple Inc,AAPL,stock,"14,66","0,075423259"
completada,2024-06-03,Meta Platforms Inc,META,stock,10,"0,021067712"
completada,2024-06-03,NVIDIA Corp,NVDA,stock,"15,31","0,013463858"
completada,2024-06-03,Avis Budget Group Inc,CAR,stock,10,"0,087320992"
completada,2024-06-04,Dell Technologies Inc,DELL,stock,10,"0,073367572"
completada,2024-06-05,Advanced Micro Devices Inc,AMD,stock,10,"0,060009602"
completada,2024-06-05,Amazon.com Inc,AMZN,stock,10,"0,055496976"
completada,2024-06-05,Meta Platforms Inc,META,stock,10,"0,020549494"
completada,2024-06-06,Alphabet Inc,GOOG,stock,10,"0,055997313"
completada,2024-06-06,Meta Platforms Inc,META,stock,10,"0,020070649"
completada,2024-06-06,Amazon.com Inc,AMZN,stock,10,"0,054294712"
completada,2024-06-12,Avis Budget Group Inc,CAR,stock,"10,01","0,092081032"
completada,2024-06-12,Tesla Inc,TSLA,stock,10,"0,057987823"
completada,2024-06-12,Meta Platforms Inc,META,stock,10,"0,019570238"
completada,2024-06-12,Avis Budget Group Inc,CAR,stock,"9,98","0,08903134"
completada,2024-06-12,Tesla Inc,TSLA,stock,10,"0,056487601"
completada,2024-06-12,Amazon.com Inc,AMZN,stock,10,"0,053151909"
completada,2024-06-12,NVIDIA Corp,NVDA,stock,10,"0,079472304"
completada,2024-06-13,Dell Technologies Inc,DELL,stock,10,"0,075221905"
completada,2024-06-13,Tesla Inc,TSLA,stock,10,"0,052960492"
completada,2024-06-13,Tesla Inc,TSLA,stock,10,"0,05306729"
completada,2024-06-13,Dell Technologies Inc,DELL,stock,10,"0,073594348"
completada,2024-06-14,NVIDIA Corp,NVDA,stock,10,"0,076231133"
completada,2024-06-17,Dell Technologies Inc,DELL,stock,"9,99","0,071240294"
completada,2024-06-17,Dell Technologies Inc,DELL,stock,10,"0,071179444"
completada,2024-06-17,Tesla Inc,TSLA,stock,10,"0,054528601"
completada,2024-06-17,Dell Technologies Inc,DELL,stock,10,"0,070096734"
completada,2024-06-17,Tesla Inc,TSLA,stock,10,"0,053039143"
completada,2024-06-17,Apple Inc,AAPL,stock,5,"0,022890629"
completada,2024-06-18,Dell Technologies Inc,DELL,stock,10,"0,068212825"
completada,2024-06-18,Dell Technologies Inc,DELL,stock,10,"0,065659882"
completada,2024-06-18,NVIDIA Corp,NVDA,stock,6,"0,04416636"
completada,2024-06-20,Dell Technologies Inc,DELL,stock,10,"0,063751116"
completada,2024-06-20,Advanced Micro Devices Inc,AMD,stock,10,"0,062247122"
completada,2024-06-20,Dell Technologies Inc,DELL,stock,"9,99","0,062932663"
completada,2024-06-20,Advanced Micro Devices Inc,AMD,stock,10,"0,06067593"
completada,2024-06-20,Avis Budget Group Inc,CAR,stock,"9,99","0,092131933"
completada,2024-06-20,Avis Budget Group Inc,CAR,stock,"9,99","0,088975888"
completada,2024-06-21,Alphabet Inc,GOOG,stock,10,"0,055230311"
completada,2024-06-21,Amazon.com Inc,AMZN,stock,7,"0,037230082"
completada,2024-06-24,Tesla Inc,TSLA,stock,10,"0,053902545"
completada,2024-06-25,Meta Platforms Inc,META,stock,10,"0,01961746"
completada,2024-06-25,NVIDIA Corp,NVDA,stock,10,"0,081050414"
completada,2024-06-25,Alphabet Inc,GOOG,stock,10,"0,054001513"
completada,2024-06-26,Advanced Micro Devices Inc,AMD,stock,10,"0,062414181"
completada,2024-06-26,Tesla Inc,TSLA,stock,10,"0,052648205"
completada,2024-06-26,Tesla Inc,TSLA,stock,10,"0,051448269"
completada,2024-06-26,Amazon.com Inc,AMZN,stock,"7,13","0,037109374"
completada,2024-06-27,Dell Technologies Inc,DELL,stock,"9,99","0,071341942"
completada,2024-06-27,Meta Platforms Inc,META,stock,"6,5","0,012490393"
completada,2024-06-27,Dell Technologies Inc,DELL,stock,10,"0,071387779"
completada,2024-06-28,Advanced Micro Devices Inc,AMD,stock,10,"0,06148171"
completada,2024-07-02,Apple Inc,AAPL,stock,"7,5","0,034339088"
completada,2024-07-03,Advanced Micro Devices Inc,AMD,stock,20,"0,122204571"
completada,2024-07-03,Advanced Micro Devices Inc,AMD,stock,20,"0,122010737"
completada,2024-07-05,Advanced Micro Devices Inc,AMD,stock,10,"0,0594884"
completada,2024-07-05,Apple Inc,AAPL,stock,"8,13","0,036446275"
completada,2024-07-05,Advanced Micro Devices Inc,AMD,stock,10,"0,058159824"
completada,2024-07-05,Tesla Inc,TSLA,stock,"37,07","0,148875503"
completada,2024-07-05,Alphabet Inc,GOOG,stock,10,"0,052153959"
completada,2024-07-05,Meta Platforms Inc,META,stock,"6,66","0,012576633"
completada,2024-07-05,NVIDIA Corp,NVDA,stock,10,"0,078039645"
completada,2024-07-08,Dell Technologies Inc,DELL,stock,10,"0,068287354"
completada,2024-07-09,NVIDIA Corp,NVDA,stock,10,"0,07521059"
completada,2024-07-09,Tesla Inc,TSLA,stock,"5,67","0,021989529"
completada,2024-07-09,Tesla Inc,TSLA,stock,"4,78","0,018049791"
completada,2024-07-10,NVIDIA Corp,NVDA,stock,10,"0,074183977"
completada,2024-07-10,Advanced Micro Devices Inc,AMD,stock,10,"0,054981307"
completada,2024-07-11,Avis Budget Group Inc,CAR,stock,"9,99","0,096805422"
completada,2024-07-11,Tesla Inc,TSLA,stock,"10,43","0,038640772"
completada,2024-07-12,Avis Budget Group Inc,CAR,stock,"9,97","0,094055681"
completada,2024-07-12,Advanced Micro Devices Inc,AMD,stock,10,"0,053795256"
completada,2024-07-12,Tesla Inc,TSLA,stock,10,"0,03977092"
completada,2024-07-15,Tesla Inc,TSLA,stock,10,"0,038372986"
completada,2024-07-15,Avis Budget Group Inc,CAR,stock,"9,99","0,090489549"
completada,2024-07-17,SPDR Gold Shares,GLD,etf,30,"0,13093004"
completada,2024-07-17,SPDR Gold Shares,GLD,etf,"20,48","0,089733706"
completada,2024-07-18,Tesla Inc,TSLA,stock,10,"0,039218763"
completada,2024-07-22,Meta Platforms Inc,META,stock,10,"0,020439031"
completada,2024-07-22,Dell Technologies Inc,DELL,stock,10,"0,077112894"
completada,2024-07-22,NVIDIA Corp,NVDA,stock,10,"0,081037278"
completada,2024-08-01,Meta Platforms Inc,META,stock,10,"0,019753477"
completada,2024-08-13,Meta Platforms Inc,META,stock,"11,44","0,021875479"
completada,2024-08-15,Meta Platforms Inc,META,stock,10,"0,018566655"
completada,2024-08-20,NVIDIA Corp,NVDA,stock,10,"0,077736319"
completada,2024-08-20,Advanced Micro Devices Inc,AMD,stock,10,"0,062554736"
completada,2024-08-20,Tesla Inc,TSLA,stock,10,"0,044428648"
completada,2024-08-22,Meta Platforms Inc,META,stock,10,"0,018459721"
completada,2024-08-23,NVIDIA Corp,NVDA,stock,10,"0,077483342"
completada,2024-09-04,Tesla Inc,TSLA,stock,10,"0,045435959"
completada,2024-09-05,Tesla Inc,TSLA,stock,10,"0,043875044"
completada,2024-09-05,Tesla Inc,TSLA,stock,10,"0,042582184"
completada,2024-09-10,Tesla Inc,TSLA,stock,10,"0,044730722"
completada,2024-09-12,Tesla Inc,TSLA,stock,30,"0,130793042"
completada,2024-09-19,Advanced Micro Devices Inc,AMD,stock,10,"0,063135299"
completada,2024-09-19,Meta Platforms Inc,META,stock,"11,3","0,020261906"
completada,2024-09-19,Tesla Inc,TSLA,stock,"29,99","0,123117331"
completada,2024-09-23,Tesla Inc,TSLA,stock,20,"0,080984775"
completada,2024-09-24,Tesla Inc,TSLA,stock,10,"0,038965088"
completada,2024-09-24,Advanced Micro Devices Inc,AMD,stock,10,"0,062956435"
completada,2024-09-25,Advanced Micro Devices Inc,AMD,stock,10,"0,061413745"
completada,2024-09-26,Advanced Micro Devices Inc,AMD,stock,20,"0,118722546"
completada,2024-09-26,NVIDIA Corp,NVDA,stock,10,"0,079195375"
completada,2024-09-26,Tesla Inc,TSLA,stock,10,"0,038549016"
completada,2024-09-27,Tesla Inc,TSLA,stock,10,"0,038559421"
completada,2024-10-04,Dell Technologies Inc,DELL,stock,10,"0,084309924"
completada,2024-10-04,NVIDIA Corp,NVDA,stock,10,"0,080405243"
completada,2024-10-04,Advanced Micro Devices Inc,AMD,stock,10,"0,058958788"
completada,2024-10-07,NVIDIA Corp,NVDA,stock,10,"0,077232005"
completada,2024-10-08,Dell Technologies Inc,DELL,stock,10,"0,082413055"
completada,2024-10-09,NVIDIA Corp,NVDA,stock,10,"0,075013128"
completada,2024-10-10,Dell Technologies Inc,DELL,stock,10,"0,080736316"
completada,2024-10-11,Dell Technologies Inc,DELL,stock,10,"0,079327305"
completada,2024-10-11,Advanced Micro Devices Inc,AMD,stock,10,"0,059347182"
completada,2024-10-14,Dell Technologies Inc,DELL,stock,10,"0,077447336"
completada,2024-10-14,NVIDIA Corp,NVDA,stock,10,"0,072590012"
completada,2024-10-16,Tesla Inc,TSLA,stock,10,"0,045053163"
completada,2024-10-16,NVIDIA Corp,NVDA,stock,10,"0,073367572"
completada,2024-10-17,Dell Technologies Inc,DELL,stock,20,"0,152858454"
completada,2024-10-21,NVIDIA Corp,NVDA,stock,10,"0,070836581"
completada,2024-10-24,Tesla Inc,TSLA,stock,"79,99","0,312085512"
completada,2024-10-25,Advanced Micro Devices Inc,AMD,stock,10,"0,063475943"
completada,2024-10-25,Dell Technologies Inc,DELL,stock,10,"0,080684203"
completada,2024-10-25,Tesla Inc,TSLA,stock,10,"0,037127794"
completada,2024-10-28,Tesla Inc,TSLA,stock,10,"0,0368053"
completada,2024-10-29,Advanced Micro Devices Inc,AMD,stock,10,"0,061984752"
completada,2024-10-29,Advanced Micro Devices Inc,AMD,stock,10,"0,060642814"
completada,2024-10-30,Dell Technologies Inc,DELL,stock,20,"0,154918668"
completada,2024-10-30,Tesla Inc,TSLA,stock,10,"0,038324455"
completada,2024-10-30,Dell Technologies Inc,DELL,stock,10,"0,075137126"
completada,2024-11-06,Dell Technologies Inc,DELL,stock,"9,99","0,073399883"
completada,2024-11-06,Tesla Inc,TSLA,stock,"11,83","0,042159237"
completada,2024-11-07,Tesla Inc,TSLA,stock,"10,29","0,035634186"
completada,2024-11-07,Advanced Micro Devices Inc,AMD,stock,10,"0,067713977"
completada,2024-11-07,NVIDIA Corp,NVDA,stock,10,"0,067769044"
completada,2024-11-11,Dell Technologies Inc,DELL,stock,10,"0,072087659"
completada,2024-11-14,Avis Budget Group Inc,CAR,stock,"9,98","0,091709465"
completada,2024-11-19,Alphabet Inc,GOOG,stock,10,"0,055894025"
completada,2024-11-20,NVIDIA Corp,NVDA,stock,10,"0,068823125"
completada,2024-11-21,Dell Technologies Inc,DELL,stock,10,"0,071973514"
completada,2024-11-22,Dell Technologies Inc,DELL,stock,10,"0,070077085"
completada,2024-11-22,Avis Budget Group Inc,CAR,stock,10,"0,096422718"
completada,2024-11-25,Avis Budget Group Inc,CAR,stock,"19,97","0,183150184"
completada,2024-11-26,Alphabet Inc,GOOG,stock,10,"0,058719907"
completada,2024-12-02,Advanced Micro Devices Inc,AMD,stock,10,"0,071612719"
completada,2024-12-02,Tesla Inc,TSLA,stock,"21,05","0,059425474"
completada,2024-12-04,Alphabet Inc,GOOG,stock,10,"0,057306591"
completada,2024-12-04,Advanced Micro Devices Inc,AMD,stock,10,"0,069969214"
completada,2024-12-04,NVIDIA Corp,NVDA,stock,10,"0,069730145"
completada,2024-12-06,Avis Budget Group Inc,CAR,stock,"9,95","0,09788567"
completada,2024-12-10,Alphabet Inc,GOOG,stock,10,"0,053304905"
completada,2024-12-10,Alphabet Inc,GOOG,stock,10,"0,053304905"
completada,2024-12-11,Alphabet Inc,GOOG,stock,"9,73","0,050211974"
completada,2024-12-12,Advanced Micro Devices Inc,AMD,stock,10,"0,076254385"
completada,2024-12-16,Dell Technologies Inc,DELL,stock,10,"0,082590024"
completada,2024-12-18,NVIDIA Corp,NVDA,stock,10,"0,074460164"
completada,2024-12-18,Advanced Micro Devices Inc,AMD,stock,10,"0,078820841"
completada,2024-12-20,Dell Technologies Inc,DELL,stock,10,"0,086236634"
completada,2024-12-23,Advanced Micro Devices Inc,AMD,stock,10,"0,080619156"
completada,2024-12-23,NVIDIA Corp,NVDA,stock,"11,42","0,083761186"
completada,2024-12-23,Dell Technologies Inc,DELL,stock,10,"0,084331254"
completada,2024-12-24,NVIDIA Corp,NVDA,stock,10,"0,070851637"
completada,2024-12-26,Advanced Micro Devices Inc,AMD,stock,10,"0,078845699"
completada,2025-01-03,Dell Technologies Inc,DELL,stock,10,"0,083963057"
completada,2025-01-03,NVIDIA Corp,NVDA,stock,10,"0,069502364"
completada,2025-01-06,Avis Budget Group Inc,CAR,stock,"9,96","0,118778953"
completada,2025-01-06,Advanced Micro Devices Inc,AMD,stock,12,"0,093457944"
completada,2025-01-06,Dell Technologies Inc,DELL,stock,"14,99","0,120899493"
completada,2025-01-06,NVIDIA Corp,NVDA,stock,12,"0,079176564"
completada,2025-01-07,Avis Budget Group Inc,CAR,stock,"9,98","0,115366867"
completada,2025-01-14,Tesla Inc,TSLA,stock,20,"0,04834538"
completada,2025-01-16,Avis Budget Group Inc,CAR,stock,"9,99","0,111333779"
completada,2025-01-17,Tesla Inc,TSLA,stock,10,"0,023220174"
completada,2025-01-21,Advanced Micro Devices Inc,AMD,stock,10,"0,081900082"
completada,2025-01-21,NVIDIA Corp,NVDA,stock,10,"0,070591558"
completada,2025-01-22,Dell Technologies Inc,DELL,stock,15,"0,128270909"
completada,2025-01-22,Advanced Micro Devices Inc,AMD,stock,10,"0,079827573"
completada,2025-01-23,NVIDIA Corp,NVDA,stock,10,"0,068278029"
completada,2025-01-29,Avis Budget Group Inc,CAR,stock,"9,99","0,106917567"
completada,2025-02-19,Dell Technologies Inc,DELL,stock,20,"0,16583748"
completada,2025-05-23,Avis Budget Group Inc,CAR,stock,"133,86","1,106260423"
completada,2025-06-11,NVIDIA Corp,NVDA,stock,"10,01","0,069333703"
completada,2025-06-16,Advanced Micro Devices Inc,AMD,stock,"9,98","0,078173859"
completada,2025-06-24,Advanced Micro Devices Inc,AMD,stock,"19,99","0,145836372"
completada,2025-06-26,NVIDIA Corp,NVDA,stock,"20,01","0,128439778"
completada,2025-06-26,Dell Technologies Inc,DELL,stock,"20,01","0,158415842"
completada,2025-06-26,Advanced Micro Devices Inc,AMD,stock,"19,98","0,139295166"
completada,2025-07-09,NVIDIA Corp,NVDA,stock,20,"0,122552774"
completada,2025-07-11,Advanced Micro Devices Inc,AMD,stock,10,"0,06809206"
completada,2025-07-15,Advanced Micro Devices Inc,AMD,stock,20,"0,128501671"
completada,2025-07-15,NVIDIA Corp,NVDA,stock,10,"0,058435108"
completada,2025-07-17,Dell Technologies Inc,DELL,stock,10,"0,080772182"
completada,2025-07-17,Advanced Micro Devices Inc,AMD,stock,10,"0,062589973"
completada,2025-07-18,Dell Technologies Inc,DELL,stock,"9,99","0,076190476"
completada,2025-07-23,Advanced Micro Devices Inc,AMD,stock,"10,01","0,063315183"
completada,2025-07-24,Dell Technologies Inc,DELL,stock,10,"0,077808901"
completada,2025-07-24,NVIDIA Corp,NVDA,stock,10,"0,057621942"
completada,2025-07-25,Advanced Micro Devices Inc,AMD,stock,"20,01","0,119925646"
completada,2025-07-25,Advanced Micro Devices Inc,AMD,stock,10,"0,059966419"
completada,2025-07-25,Dell Technologies Inc,DELL,stock,"10,01","0,076074553"
completada,2025-07-28,Advanced Micro Devices Inc,AMD,stock,10,"0,057680106"
completada,2025-07-29,Advanced Micro Devices Inc,AMD,stock,"10,01","0,056186088"
completada,2025-07-30,Dell Technologies Inc,DELL,stock,10,"0,074101519"
completada,2025-07-30,NVIDIA Corp,NVDA,stock,10,"0,055716514"
completada,2025-08-01,Lam Research Corp,LRCX,stock,"9,95","0,103498241"
completada,2025-08-04,Advanced Micro Devices Inc,AMD,stock,10,"0,056915196"
completada,2025-08-05,Lam Research Corp,LRCX,stock,10,"0,101091791"
completada,2025-08-05,Dell Technologies Inc,DELL,stock,"10,03","0,076350449"
completada,2025-08-06,Tesla Inc,TSLA,stock,11,"0,034695937"
completada,2025-08-07,Advanced Micro Devices Inc,AMD,stock,50,"0,29020837"
completada,2025-08-07,Dell Technologies Inc,DELL,stock,"49,98","0,381679389"
completada,2025-08-07,NVIDIA Corp,NVDA,stock,10,"0,054847114"
completada,2025-08-07,Lam Research Corp,LRCX,stock,15,"0,152889614"
completada,2025-08-08,Dell Technologies Inc,DELL,stock,"19,99","0,145565705"
completada,2025-08-08,Lam Research Corp,LRCX,stock,20,"0,195867202"
completada,2025-08-08,Tesla Inc,TSLA,stock,10,"0,030363758"
completada,2025-08-11,Advanced Micro Devices Inc,AMD,stock,10,"0,056609114"
completada,2025-08-12,Dell Technologies Inc,DELL,stock,"9,98","0,070974839"
completada,2025-08-12,Lam Research Corp,LRCX,stock,10,"0,095369796"
completada,2025-08-12,Tesla Inc,TSLA,stock,10,"0,02935392"
completada,2025-08-13,Advanced Micro Devices Inc,AMD,stock,"29,97","0,161777394"
completada,2025-08-14,Lam Research Corp,LRCX,stock,10,"0,09318796"
completada,2025-08-21,Advanced Micro Devices Inc,AMD,stock,10,"0,061207002"
completada,2025-08-21,NVIDIA Corp,NVDA,stock,10,"0,057214784"
completada,2025-08-22,Advanced Micro Devices Inc,AMD,stock,10,"0,059513182"
completada,2025-08-22,Lam Research Corp,LRCX,stock,10,"0,098260784"
completada,2025-08-22,Tesla Inc,TSLA,stock,"20,02","0,059626737"
completada,2025-08-25,Dell Technologies Inc,DELL,stock,"9,99","0,076242757"
completada,2025-08-25,NVIDIA Corp,NVDA,stock,"9,99","0,055017606"
completada,2025-08-25,Tesla Inc,TSLA,stock,"10,03","0,028810141"
completada,2025-08-28,Advanced Micro Devices Inc,AMD,stock,"9,99","0,059530897"
completada,2025-08-28,Dell Technologies Inc,DELL,stock,"9,98","0,074283223"
completada,2025-08-28,Lam Research Corp,LRCX,stock,10,"0,095978501"
completada,2025-09-11,Lam Research Corp,LRCX,stock,"61,51","0,537514217"
completada,2025-09-11,Tesla Inc,TSLA,stock,10,"0,027767751"
completada,2025-09-12,Tesla Inc,TSLA,stock,"10,01","0,026580899"
completada,2025-09-12,Tesla Inc,TSLA,stock,"10,01","0,025676631"
completada,2025-09-12,Advanced Micro Devices Inc,AMD,stock,10,"0,062723452"
completada,2025-09-15,Tesla Inc,TSLA,stock,20,"0,047655356"
completada,2025-09-17,Dell Technologies Inc,DELL,stock,10,"0,076728305"
completada,2025-09-18,Dell Technologies Inc,DELL,stock,"9,99","0,075035642"
completada,2025-09-18,Tesla Inc,TSLA,stock,13,"0,030368155"
completada,2025-09-19,Advanced Micro Devices Inc,AMD,stock,10,"0,063339245"
completada,2025-09-19,NVIDIA Corp,NVDA,stock,"9,99","0,056358667"
completada,2025-09-22,Tesla Inc,TSLA,stock,10,"0,022642364"
completada,2025-09-22,Advanced Micro Devices Inc,AMD,stock,10,"0,061789422"
completada,2025-09-22,Dell Technologies Inc,DELL,stock,10,"0,072883641"
completada,2025-09-22,NVIDIA Corp,NVDA,stock,10,"0,054537522"
completada,2025-10-01,Dell Technologies Inc,DELL,stock,"39,96","0,274480203"
completada,2025-10-01,NVIDIA Corp,NVDA,stock,10,"0,053563298"
completada,2025-10-01,Tesla Inc,TSLA,stock,15,"0,032962686"
completada,2025-10-02,Advanced Micro Devices Inc,AMD,stock,"20,01","0,118920205"
completada,2025-10-02,Dell Technologies Inc,DELL,stock,"17,99","0,120128137"
completada,2025-10-06,Advanced Micro Devices Inc,AMD,stock,"100,22","0,476848982"
completada,2025-10-06,Dell Technologies Inc,DELL,stock,"9,85","0,068022583"
completada,2025-10-06,Tesla Inc,TSLA,stock,15,"0,034051054"
completada,2025-10-08,Advanced Micro Devices Inc,AMD,stock,10,"0,04511821"
completada,2025-10-08,Dell Technologies Inc,DELL,stock,"29,98","0,183497462"
completada,2025-10-09,NVIDIA Corp,NVDA,stock,12,"0,06198187"
completada,2025-10-09,Advanced Micro Devices Inc,AMD,stock,8,"0,033730368"
completada,2025-10-13,Advanced Micro Devices Inc,AMD,stock,10,"0,045150804"
completada,2025-10-14,Advanced Micro Devices Inc,AMD,stock,10,"0,044557323"
completada,2025-10-15,Dell Technologies Inc,DELL,stock,"9,99","0,064559863"
completada,2025-10-15,Advanced Micro Devices Inc,AMD,stock,10,"0,042707666"
completada,2025-10-15,Advanced Micro Devices Inc,AMD,stock,"8,01","0,034148632"
completada,2025-10-15,Tesla Inc,TSLA,stock,10,"0,022742262"
completada,2025-10-16,Advanced Micro Devices Inc,AMD,stock,10,"0,041970956"
completada,2025-10-20,Advanced Micro Devices Inc,AMD,stock,10,"0,0415835"
completada,2025-10-20,Tesla Inc,TSLA,stock,"12,01","0,026807855"
completada,2025-10-22,Dell Technologies Inc,DELL,stock,"9,99","0,06643194"
completada,2025-10-23,Dell Technologies Inc,DELL,stock,"9,99","0,065798131"
completada,2025-10-24,Advanced Micro Devices Inc,AMD,stock,"35,04","0,140331182"
completada,2025-10-24,Dell Technologies Inc,DELL,stock,"19,99","0,126194908"
completada,2025-10-24,Tesla Inc,TSLA,stock,"17,01","0,03871291"
completada,2025-10-27,Advanced Micro Devices Inc,AMD,stock,"9,01","0,035242981"
completada,2025-10-27,NVIDIA Corp,NVDA,stock,36,"0,18873365"
completada,2025-10-28,Tesla Inc,TSLA,stock,10,"0,021926939"
completada,2025-10-28,Advanced Micro Devices Inc,AMD,stock,"9,8","0,037425047"
completada,2025-10-28,Dell Technologies Inc,DELL,stock,10,"0,061625686"
completada,2025-10-28,Dell Technologies Inc,DELL,stock,"10,02","0,060078102"
completada,2025-10-28,NVIDIA Corp,NVDA,stock,20,"0,099270363"
completada,2025-10-29,NVIDIA Corp,NVDA,stock,10,"0,047539814"
completada,2025-11-03,Dell Technologies Inc,DELL,stock,"9,8","0,059683676"
completada,2025-11-03,Tesla Inc,TSLA,stock,15,"0,031994539"
completada,2025-11-05,Advanced Micro Devices Inc,AMD,stock,10,"0,039004602"
completada,2025-11-06,Dell Technologies Inc,DELL,stock,"17,99","0,117562536"
completada,2025-11-06,Tesla Inc,TSLA,stock,40,"0,087009484"
completada,2025-11-10,Advanced Micro Devices Inc,AMD,stock,"60,01","0,244718166"
completada,2025-11-10,NVIDIA Corp,NVDA,stock,"70,01","0,355375047"
completada,2025-11-10,Tesla Inc,TSLA,stock,45,"0,100592377"
completada,2025-11-10,SPDR Gold Shares,GLD,etf,"12,81","0,033918965"
completada,2025-11-12,Advanced Micro Devices Inc,AMD,stock,"45,98","0,179838536"
completada,2025-11-12,Dell Technologies Inc,DELL,stock,"24,94","0,178204708"
completada,2025-11-12,Dell Technologies Inc,DELL,stock,"20,01","0,1393534"
completada,2025-11-17,Tesla Inc,TSLA,stock,"47,99","0,115370748"
completada,2025-11-20,NVIDIA Corp,NVDA,stock,"26,02","0,133258162"
completada,2025-11-20,SPDR Gold Shares,GLD,etf,"37,99","0,100980574"
completada,2025-11-20,Tesla Inc,TSLA,stock,"20,01","0,047115361"
completada,2025-11-24,Dell Technologies Inc,DELL,stock,"19,95","0,155303618"
completada,2025-11-26,Dell Technologies Inc,DELL,stock,"42,05","0,313245823"
completada,2025-12-03,Tesla Inc,TSLA,stock,"23,96","0,054984077"
completada,2025-12-03,Tesla Inc,TSLA,stock,"19,99","0,044688743"
completada,2025-12-04,Dell Technologies Inc,DELL,stock,20,"0,144843569"
completada,2025-12-04,NVIDIA Corp,NVDA,stock,20,"0,109164347"
completada,2025-12-05,Advanced Micro Devices Inc,AMD,stock,"20,02","0,091440844"
completada,2025-12-09,Advanced Micro Devices Inc,AMD,stock,"20,01","0,089541547"
completada,2025-12-12,Advanced Micro Devices Inc,AMD,stock,"28,01","0,127556831"
completada,2025-12-12,Tesla Inc,TSLA,stock,"23,99","0,051861615"
completada,2025-12-15,Tesla Inc,TSLA,stock,"25,98","0,054415504"
completada,2025-12-16,Dell Technologies Inc,DELL,stock,20,"0,149694996"
completada,2025-12-17,Tesla Inc,TSLA,stock,"22,98","0,046853673"
completada,2025-12-19,Advanced Micro Devices Inc,AMD,stock,"44,13","0,205697445"
completada,2025-12-22,NVIDIA Corp,NVDA,stock,20,"0,109334426"
completada,2025-12-23,NVIDIA Corp,NVDA,stock,"20,07","0,107255858"
completada,2025-12-26,NVIDIA Corp,NVDA,stock,20,"0,10426985"
completada,2026-01-02,Advanced Micro Devices Inc,AMD,stock,"37,04","0,165718636"
completada,2026-01-02,NVIDIA Corp,NVDA,stock,"31,99","0,167128009"
completada,2026-01-05,Tesla Inc,TSLA,stock,"34,93","0,076974675"
completada,2026-01-21,Advanced Micro Devices Inc,AMD,stock,"90,05","0,36769963"
completada,2026-01-22,Advanced Micro Devices Inc,AMD,stock,"35,03","0,137920109"
completada,2026-01-22,Tesla Inc,TSLA,stock,"41,99","0,09400179"
completada,2026-01-23,Advanced Micro Devices Inc,AMD,stock,"28,93","0,111247506"
completada,2026-01-27,NVIDIA Corp,NVDA,stock,29,"0,152639612"
completada,2026-01-28,Dell Technologies Inc,DELL,stock,"19,87","0,169577751"
completada,2026-02-04,Dell Technologies Inc,DELL,stock,"19,97","0,166292508"
completada,2026-02-25,NVIDIA Corp,NVDA,stock,20,"0,102954802"
completada,2026-02-27,Dell Technologies Inc,DELL,stock,"139,97","0,948316737"
completada,2026-02-27,Dell Technologies Inc,DELL,stock,"85,91","0,582340195"
completada,2026-03-10,NVIDIA Corp,NVDA,stock,31,"0,167106894"
completada,2026-03-10,Tesla Inc,TSLA,stock,30,"0,074537865"
completada,2026-03-12,Dell Technologies Inc,DELL,stock,"43,81","0,291342492"
completada,2026-03-16,Dell Technologies Inc,DELL,stock,34,"0,218245307"
