Status de compra,Fecha de compra,Nombre activo,Símbolo activo,Categoría activo,Aporte en dólares,Acciones compradas
completada,2023-11-27,SPDR S&P 500 ETF Trust,SPY,etf,"1,00","0,002197377"
completada,2024-01-23,NVIDIA Corp,NVDA,stock,"1,06","0,001783046"
completada,2024-01-24,Amazon.com Inc,AMZN,stock,"1,00","0,006346063"
completada,2024-01-24,SPDR S&P 500 ETF Trust,SPY,etf,"1,00","0,002052637"
completada,2024-01-24,Tesla Inc,TSLA,stock,"1,00","0,004782537"
completada,2024-01-24,Tesla Inc,TSLA,stock,"1,00","0,004781348"
completada,2024-03-14,Tesla Inc,TSLA,stock,"10,00","0,06189421"
completada,2024-03-14,NVIDIA Corp,NVDA,stock,"10,00","0,011338459"
completada,2024-03-14,SPDR S&P 500 ETF Trust,SPY,etf,"33,93","0,065984971"
completada,2024-03-14,Apple Inc,AAPL,stock,"30,00","0,173354289"
completada,2024-03-14,Meta Platforms Inc,META,stock,"30,00","0,060911232"
completada,2024-03-14,Microsoft Corp,MSFT,stock,"30,00","0,07046819"
completada,2024-03-14,Alphabet Inc,GOOG,stock,"30,00","0,207701574"
completada,2024-03-14,Berkshire Hathaway Inc,BRK.B,stock,"30,00","0,073895993"
completada,2024-03-14,Tesla Inc,TSLA,stock,"20,00","0,124266825"
completada,2024-03-14,NVIDIA Corp,NVDA,stock,"20,00","0,02277842"
completada,2024-03-14,Amazon.com Inc,AMZN,stock,"30,00","0,167758963"
completada,2024-03-15,Microsoft Corp,MSFT,stock,"10,00","0,024065882"
completada,2024-03-15,Alphabet Inc,GOOG,stock,"10,00","0,070562666"
completada,2024-03-15,Meta Platforms Inc,META,stock,"10,00","0,020593759"
completada,2024-03-15,Apple Inc,AAPL,stock,"10,00","0,058500742"
completada,2024-03-15,Amazon.com Inc,AMZN,stock,"20,00","0,114740743"
completada,2024-03-18,NVIDIA Corp,NVDA,stock,"10,00","0,011304212"
completada,2024-03-19,NVIDIA Corp,NVDA,stock,"10,00","0,011636702"
completada,2024-03-19,Tesla Inc,TSLA,stock,"10,00","0,058955311"
completada,2024-03-19,Alphabet Inc,GOOG,stock,"10,00","0,067806723"
completada,2024-03-19,Advanced Micro Devices Inc,AMD,stock,"30,00","0,16382342"
completada,2024-03-20,NVIDIA Corp,NVDA,stock,"10,00","0,011294177"
completada,2024-03-21,Advanced Micro Devices Inc,AMD,stock,"10,00","0,055821015"
completada,2024-03-21,Apple Inc,AAPL,stock,"10,00","0,057948842"
completada,2024-03-22,Atlassian Corp,TEAM,stock,"30,00","0,152710613"
completada,2024-03-22,Tesla Inc,TSLA,stock,"10,00","0,059121222"
completada,2024-03-22,Atlassian Corp,TEAM,stock,"10,00","0,052156134"
completada,2024-03-26,NVIDIA Corp,NVDA,stock,"30,00","0,031702687"
completada,2024-03-26,Dell Technologies Inc,DELL,stock,"30,00","0,257378174"
completada,2024-03-26,Tesla Inc,TSLA,stock,"30,00","0,167969362"
completada,2024-03-27,NVIDIA Corp,NVDA,stock,"10,00","0,010945541"
completada,2024-03-27,Dell Technologies Inc,DELL,stock,"10,00","0,087594821"
completada,2024-03-27,Meta Platforms Inc,META,stock,"10,00","0,020242013"
completada,2024-03-27,Dell Technologies Inc,DELL,stock,"10,00","0,089597706"
completada,2024-03-27,NVIDIA Corp,NVDA,stock,"10,00","0,011181604"
completada,2024-04-01,Tesla Inc,TSLA,stock,"10,00","0,057220677"
completada,2024-04-01,Tesla Inc,TSLA,stock,"10,00","0,058708185"
completada,2024-04-01,NVIDIA Corp,NVDA,stock,"11,00","0,012252417"
completada,2024-04-02,Apple Inc,AAPL,stock,"10,00","0,059222059"
completada,2024-04-02,Advanced Micro Devices Inc,AMD,stock,"10,00","0,056153906"
completada,2024-04-02,Tesla Inc,TSLA,stock,"10,00","0,060983046"
completada,2024-04-02,Amazon.com Inc,AMZN,stock,"10,00","0,055963467"
completada,2024-04-02,Dell Technologies Inc,DELL,stock,"10,00","0,086296168"
completada,2024-04-02,NVIDIA Corp,NVDA,stock,"11,00","0,012489043"
completada,2024-04-04,Avis Budget Group Inc,CAR,stock,"30,00","0,241643173"
completada,2024-04-04,Advanced Micro Devices Inc,AMD,stock,"20,00","0,112326736"
completada,2024-04-04,SPDR Gold Shares,GLD,etf,"50,00","0,23531848"
completada,2024-04-04,NVIDIA Corp,NVDA,stock,"11,00","0,01243902"
completada,2024-04-04,Advanced Micro Devices Inc,AMD,stock,"10,00","0,057450133"
completada,2024-04-04,Dell Technologies Inc,DELL,stock,"20,00","0,154228165"
completada,2024-04-04,Advanced Micro Devices Inc,AMD,stock,"10,00","0,059042333"
completada,2024-04-04,Tesla Inc,TSLA,stock,"10,00","0,058250617"
completada,2024-04-04,Avis Budget Group Inc,CAR,stock,"10,00","0,082832198"
completada,2024-04-05,Alphabet Inc,GOOG,stock,"20,00","0,129359412"
completada,2024-04-05,Tesla Inc,TSLA,stock,"10,00","0,060167023"
completada,2024-04-08,Dell Technologies Inc,DELL,stock,"10,00","0,078819597"
completada,2024-04-09,NVIDIA Corp,NVDA,stock,"10,00","0,011511665"
completada,2024-04-09,Dell Technologies Inc,DELL,stock,"10,00","0,08053475"
completada,2024-04-09,NVIDIA Corp,NVDA,stock,"11,00","0,013058084"
completada,2024-04-09,Dell Technologies Inc,DELL,stock,"10,00","0,082584566"
completada,2024-04-09,Meta Platforms Inc,META,stock,"10,00","0,019677137"
completada,2024-04-09,Tesla Inc,TSLA,stock,"10,00","0,057112832"
completada,2024-04-09,Avis Budget Group Inc,CAR,stock,"10,00","0,081041217"
completada,2024-04-10,Avis Budget Group Inc,CAR,stock,"10,00","0,083661005"
completada,2024-04-10,Tesla Inc,TSLA,stock,"10,00","0,058268267"
completada,2024-04-10,Advanced Micro Devices Inc,AMD,stock,"10,00","0,060272189"
completada,2024-04-11,SPDR Gold Shares,GLD,etf,"10,70","0,049325121"
completada,2024-04-12,Advanced Micro Devices Inc,AMD,stock,"10,00","0,061044098"
completada,2024-04-12,Dell Technologies Inc,DELL,stock,"10,00","0,082479668"
completada,2024-04-12,Amazon.com Inc,AMZN,stock,"10,00","0,053445069"
completada,2024-04-12,Amazon.com Inc,AMZN,stock,"10,00","0,053608954"
completada,2024-04-12,Apple Inc,AAPL,stock,"10,00","0,056883468"
completada,2024-04-12,Dell Technologies Inc,DELL,stock,"10,00","0,084023728"
completada,2024-04-12,Avis Budget Group Inc,CAR,stock,"10,00","0,085260214"
completada,2024-04-12,Dell Technologies Inc,DELL,stock,"10,00","0,084722787"
completada,2024-04-12,Tesla Inc,TSLA,stock,"10,00","0,058402345"
completada,2024-04-12,NVIDIA Corp,NVDA,stock,"10,00","0,011400012"
completada,2024-04-12,Avis Budget Group Inc,CAR,stock,"10,00","0,086776931"
completada,2024-04-15,Tesla Inc,TSLA,stock,"10,00","0,059944132"
completada,2024-04-15,Meta Platforms Inc,META,stock,"10,00","0,0196983"
completada,2024-04-15,Avis Budget Group Inc,CAR,stock,"10,00","0,088578666"
completada,2024-04-15,NVIDIA Corp,NVDA,stock,"10,00","0,011384127"
completada,2024-04-15,Advanced Micro Devices Inc,AMD,stock,"10,00","0,062514065"
completada,2024-04-15,Tesla Inc,TSLA,stock,"10,00","0,061378311"
completada,2024-04-16,Tesla Inc,TSLA,stock,"10,00","0,064601152"
completada,2024-04-17,Apple Inc,AAPL,stock,"10,00","0,058769599"
completada,2024-04-24,NVIDIA Corp,NVDA,stock,"20,00","0,024177014"
completada,2024-04-25,Meta Platforms Inc,META,stock,"10,00","0,022617065"
completada,2024-04-26,Advanced Micro Devices Inc,AMD,stock,"10,00","0,063577641"
completada,2024-04-26,Avis Budget Group Inc,CAR,stock,"10,00","0,0987908"
completada,2024-04-26,Amazon.com Inc,AMZN,stock,"10,00","0,055430528"
completada,2024-04-29,NVIDIA Corp,NVDA,stock,"10,00","0,011667658"
completada,2024-04-29,Alphabet Inc,GOOG,stock,"10,00","0,058846375"
completada,2024-04-29,Meta Platforms Inc,META,stock,"10,00","0,023147826"
completada,2024-04-29,Tesla Inc,TSLA,stock,"10,00","0,052186074"
completada,2024-04-30,Avis Budget Group Inc,CAR,stock,"10,00","0,101592977"
completada,2024-04-30,Tesla Inc,TSLA,stock,"10,00","0,053344713"
completada,2024-04-30,Avis Budget Group Inc,CAR,stock,"10,00","0,104121113"
completada,2024-04-30,Alphabet Inc,GOOG,stock,"10,00","0,060223549"
completada,2024-05-01,NVIDIA Corp,NVDA,stock,"10,00","0,012070355"
completada,2024-05-01,Advanced Micro Devices Inc,AMD,stock,"10,00","0,068392903"
completada,2024-05-02,Apple Inc,AAPL,stock,"10,00","0,05819841"
completada,2024-05-02,Dell Technologies Inc,DELL,stock,"10,00","0,083834945"
completada,2024-05-02,Tesla Inc,TSLA,stock,"10,00","0,055671847"
completada,2024-05-02,Advanced Micro Devices Inc,AMD,stock,"10,00","0,069975088"
completada,2024-05-02,Avis Budget Group Inc,CAR,stock,"10,10","0,091255714"
completada,2024-05-03,SPDR Gold Shares,GLD,etf,"20,00","0,094328054"
completada,2024-05-03,Tesla Inc,TSLA,stock,"10,00","0,055653877"
completada,2024-05-03,Avis Budget Group Inc,CAR,stock,"10,00","0,088043669"
completada,2024-05-06,SPDR Gold Shares,GLD,etf,"10,10","0,046920439"
completada,2024-05-06,Apple Inc,AAPL,stock,"10,00","0,055332381"
completada,2024-05-07,Tesla Inc,TSLA,stock,"10,00","0,055684248"
completada,2024-05-07,NVIDIA Corp,NVDA,stock,"10,00","0,011143501"
completada,2024-05-08,Tesla Inc,TSLA,stock,"10,00","0,057865012"
completada,2024-05-08,Avis Budget Group Inc,CAR,stock,"10,00","0,084001142"
completada,2024-05-09,Advanced Micro Devices Inc,AMD,stock,"10,00","0,06552307"
completada,2024-05-10,Alphabet Inc,GOOG,stock,"10,00","0,059054188"
completada,2024-05-10,Advanced Micro Devices Inc,AMD,stock,"10,00","0,0660127"
completada,2024-05-10,Tesla Inc,TSLA,stock,"10,00","0,059370435"
completada,2024-05-13,SPDR Gold Shares,GLD,etf,"10,35","0,047720482"
completada,2024-05-13,Dell Technologies Inc,DELL,stock,"10,00","0,075941676"
completada,2024-05-15,Tesla Inc,TSLA,stock,"10,00","0,057456735"
completada,2024-05-15,Amazon.com Inc,AMZN,stock,"10,00","0,054637046"
completada,2024-05-15,Avis Budget Group Inc,CAR,stock,"10,00","0,079497575"
completada,2024-05-15,Avis Budget Group Inc,CAR,stock,"10,00","0,081996785"
completada,2024-05-17,Meta Platforms Inc,META,stock,"30,00","0,063803179"
completada,2024-05-17,Avis Budget Group Inc,CAR,stock,"10,00","0,084507994"
completada,2024-05-20,Tesla Inc,TSLA,stock,"10,00","0,057317758"
completada,2024-05-21,Amazon.com Inc,AMZN,stock,"10,00","0,05512436"
completada,2024-05-21,Avis Budget Group Inc,CAR,stock,"10,00","0,08728136"
completada,2024-05-22,Tesla Inc,TSLA,stock,"10,00","0,055412713"
completada,2024-05-23,Avis Budget Group Inc,CAR,stock,"10,00","0,089966892"
completada,2024-05-23,Tesla Inc,TSLA,stock,"10,00","0,05653039"
completada,2024-05-23,Advanced Micro Devices Inc,AMD,stock,"10,00","0,061796294"
completada,2024-05-23,Apple Inc,AAPL,stock,"10,00","0,053029017"
completada,2024-05-23,Dell Technologies Inc,DELL,stock,"10,00","0,065091453"
completada,2024-05-23,NVIDIA Corp,NVDA,stock,"10,00","0,009656517"
completada,2024-05-23,Advanced Micro Devices Inc,AMD,stock,"10,00","0,062982604"
completada,2024-05-29,Advanced Micro Devices Inc,AMD,stock,"10,00","0,060388661"
completada,2024-05-30,Dell Technologies Inc,DELL,stock,"20,00","0,117726004"
completada,2024-05-30,Dell Technologies Inc,DELL,stock,"10,00","0,059968576"
completada,2024-05-30,Tesla Inc,TSLA,stock,"10,00","0,056248031"
completada,2024-05-30,Alphabet Inc,GOOG,stock,"10,00","0,057594397"
completada,2024-05-31,Dell Technologies Inc,DELL,stock,"10,00","0,072261644"
completada,2024-05-31,Amazon.com Inc,AMZN,stock,"10,00","0,056690627"
completada,2024-05-31,Dell Technologies Inc,DELL,stock,"30,00","0,217192997"
completada,2024-05-31,NVIDIA Corp,NVDA,stock,"10,00","0,009148109"
completada,2024-05-31,Meta Platforms Inc,META,stock,"10,00","0,021938388"
completada,2024-05-31,Dell Technologies Inc,DELL,stock,"10,00","0,074145473"
completada,2024-05-31,Advanced Micro Devices Inc,AMD,stock,"10,00","0,061599112"
completada,2024-05-31,Tesla Inc,TSLA,stock,"10,00","0,057363789"
completada,2024-05-31,Dell Technologies Inc,DELL,stock,"10,00","0,075669294"
completada,2024-05-31,Dell Technologies Inc,DELL,stock,"10,00","0,072667025"
completada,2024-06-03,Advanced Micro Devices Inc,AMD,stock,"10,00","0,061806989"
completada,2024-06-03,Tesla Inc,TSLA,stock,"10,00","0,056794302"
completada,2024-06-04,Avis Budget Group Inc,CAR,stock,"10,00","0,090059258"
completada,2024-06-06,NVIDIA Corp,NVDA,stock,"20,00","0,015990252"
completada,2024-06-06,Dell Technologies Inc,DELL,stock,"10,00","0,075197016"
completada,2024-06-06,NVIDIA Corp,NVDA,stock,"10,00","0,008239227"
completada,2024-06-06,Avis Budget Group Inc,CAR,stock,"10,00","0,092881557"
completada,2024-06-10,Advanced Micro Devices Inc,AMD,stock,"10,00","0,061205503"
completada,2024-06-10,Alphabet Inc,GOOG,stock,"10,00","0,057133715"
completada,2024-06-11,Advanced Micro Devices Inc,AMD,stock,"10,00","0,062732895"
completada,2024-06-11,Tesla Inc,TSLA,stock,"10,00","0,059131709"
completada,2024-06-11,Avis Budget Group Inc,CAR,stock,"10,00","0,09496135"
completada,2024-06-12,Alphabet Inc,GOOG,stock,"10,00","0,055244345"
completada,2024-06-12,Dell Technologies Inc,DELL,stock,"10,00","0,076768359"
completada,2024-06-13,Alphabet Inc,GOOG,stock,"10,00","0,056439141"
completada,2024-06-13,Avis Budget Group Inc,CAR,stock,"10,00","0,092568593"
completada,2024-06-13,Tesla Inc,TSLA,stock,"10,00","0,054333652"
completada,2024-06-13,Apple Inc,AAPL,stock,"10,00","0,046802018"
completada,2024-06-13,Amazon.com Inc,AMZN,stock,"10,00","0,054281154"
completada,2024-06-14,Avis Budget Group Inc,CAR,stock,"10,00","0,095161965"
completada,2024-06-14,Tesla Inc,TSLA,stock,"10,00","0,055824754"
completada,2024-06-14,Dell Technologies Inc,DELL,stock,"10,00","0,075094243"
completada,2024-06-17,Meta Platforms Inc,META,stock,"10,00","0,020130283"
completada,2024-06-17,Advanced Micro Devices Inc,AMD,stock,"10,00","0,064678032"
completada,2024-06-18,Tesla Inc,TSLA,stock,"10,00","0,054101429"
completada,2024-06-18,Apple Inc,AAPL,stock,"10,00","0,046873974"
completada,2024-06-18,Advanced Micro Devices Inc,AMD,stock,"10,00","0,065042342"
completada,2024-06-18,Meta Platforms Inc,META,stock,"10,00","0,020070729"
completada,2024-06-18,Dell Technologies Inc,DELL,stock,"10,00","0,066966677"
completada,2024-06-20,Dell Technologies Inc,DELL,stock,"10,00","0,065276707"
completada,2024-06-20,Advanced Micro Devices Inc,AMD,stock,"10,00","0,062309178"
completada,2024-06-20,NVIDIA Corp,NVDA,stock,"15,00","0,113877922"
completada,2024-06-20,Dell Technologies Inc,DELL,stock,"10,00","0,068199798"
completada,2024-06-20,Tesla Inc,TSLA,stock,"10,00","0,055397365"
completada,2024-06-21,NVIDIA Corp,NVDA,stock,"10,00","0,078511423"
completada,2024-06-21,Dell Technologies Inc,DELL,stock,"10,00","0,069707784"
completada,2024-06-24,NVIDIA Corp,NVDA,stock,"10,00","0,081861196"
completada,2024-06-24,Dell Technologies Inc,DELL,stock,"10,00","0,071107571"
completada,2024-06-24,NVIDIA Corp,NVDA,stock,"10,00","0,084020904"
completada,2024-06-25,Advanced Micro Devices Inc,AMD,stock,"10,00","0,063803179"
completada,2024-06-25,Avis Budget Group Inc,CAR,stock,"10,00","0,091905006"
completada,2024-06-26,Advanced Micro Devices Inc,AMD,stock,"10,00","0,063703194"
completada,2024-06-26,Advanced Micro Devices Inc,AMD,stock,"10,00","0,063656154"
completada,2024-06-26,Dell Technologies Inc,DELL,stock,"10,00","0,073519681"
completada,2024-06-27,Dell Technologies Inc,DELL,stock,"10,00","0,071720576"
completada,2024-07-01,Advanced Micro Devices Inc,AMD,stock,"10,00","0,063174386"
completada,2024-07-01,Advanced Micro Devices Inc,AMD,stock,"10,00","0,064501148"
completada,2024-07-05,Avis Budget Group Inc,CAR,stock,"10,00","0,094714908"
completada,2024-07-09,Avis Budget Group Inc,CAR,stock,"10,00","0,098254991"
completada,2024-07-09,NVIDIA Corp,NVDA,stock,"10,00","0,07673066"
completada,2024-07-10,Dell Technologies Inc,DELL,stock,"10,00","0,069464704"
completada,2024-07-10,Avis Budget Group Inc,CAR,stock,"10,00","0,100700878"
completada,2024-07-10,Tesla Inc,TSLA,stock,"10,00","0,038640772"
completada,2024-07-11,NVIDIA Corp,NVDA,stock,"10,00","0,076101184"
completada,2024-07-11,NVIDIA Corp,NVDA,stock,"10,00","0,077787112"
completada,2024-07-11,Tesla Inc,TSLA,stock,"10,00","0,03816153"
completada,2024-07-11,Meta Platforms Inc,META,stock,"20,00","0,038805865"
completada,2024-07-11,Alphabet Inc,GOOG,stock,"10,00","0,053206205"
completada,2024-07-11,Tesla Inc,TSLA,stock,"20,00","0,080856431"
completada,2024-07-11,Dell Technologies Inc,DELL,stock,"10,00","0,071165259"
completada,2024-07-11,Tesla Inc,TSLA,stock,"10,00","0,041255146"
completada,2024-07-12,Meta Platforms Inc,META,stock,"10,00","0,020042731"
completada,2024-07-12,Advanced Micro Devices Inc,AMD,stock,"10,00","0,054835384"
completada,2024-07-15,Lam Research Corp,LRCX,stock,"30,00","0,028038955"
completada,2024-07-16,Dell Technologies Inc,DELL,stock,"10,00","0,073201083"
completada,2024-07-16,Tesla Inc,TSLA,stock,"10,00","0,039436219"
completada,2024-07-16,Advanced Micro Devices Inc,AMD,stock,"10,00","0,056670066"
completada,2024-07-16,Dell Technologies Inc,DELL,stock,"10,00","0,075142771"
completada,2024-07-16,NVIDIA Corp,NVDA,stock,"10,00","0,079944997"
completada,2024-07-16,Tesla Inc,TSLA,stock,"10,00","0,04034145"
completada,2024-07-16,Meta Platforms Inc,META,stock,"10,00","0,02054122"
completada,2024-07-17,Advanced Micro Devices Inc,AMD,stock,"10,00","0,059755004"
completada,2024-07-17,Dell Technologies Inc,DELL,stock,"10,00","0,077886472"
completada,2024-07-17,Alphabet Inc,GOOG,stock,"10,00","0,054489973"
completada,2024-07-17,Meta Platforms Inc,META,stock,"10,00","0,020982836"
completada,2024-07-17,NVIDIA Corp,NVDA,stock,"10,00","0,08248239"
completada,2024-07-17,Dell Technologies Inc,DELL,stock,"10,00","0,078884261"
completada,2024-07-17,NVIDIA Corp,NVDA,stock,"10,00","0,084015257"
completada,2024-07-17,Advanced Micro Devices Inc,AMD,stock,"10,00","0,061325614"
completada,2024-07-17,Tesla Inc,TSLA,stock,"10,00","0,040441622"
completada,2024-07-18,Advanced Micro Devices Inc,AMD,stock,"10,00","0,062882008"
completada,2024-07-22,Tesla Inc,TSLA,stock,"10,00","0,04050879"
completada,2024-07-22,Advanced Micro Devices Inc,AMD,stock,"10,00","0,064527785"
completada,2024-07-22,Avis Budget Group Inc,CAR,stock,"10,00","0,094918085"
completada,2024-08-19,Meta Platforms Inc,META,stock,"10,00","0,018983617"
completada,2024-08-20,Tesla Inc,TSLA,stock,"30,00","0,134264232"
completada,2024-08-22,NVIDIA Corp,NVDA,stock,"10,00","0,080298066"
completada,2024-08-23,Advanced Micro Devices Inc,AMD,stock,"10,00","0,064693095"
completada,2024-08-23,Tesla Inc,TSLA,stock,"10,00","0,045781676"
completada,2024-08-26,Tesla Inc,TSLA,stock,"10,00","0,04685333"
completada,2024-09-06,Tesla Inc,TSLA,stock,"33,38","0,153112242"
completada,2024-09-11,Tesla Inc,TSLA,stock,"10,00","0,045890505"
completada,2024-09-20,Advanced Micro Devices Inc,AMD,stock,"10,00","0,064460401"
completada,2024-09-20,Tesla Inc,TSLA,stock,"10,00","0,041844505"
completada,2024-09-24,Tesla Inc,TSLA,stock,"10,00","0,039717213"
completada,2024-09-24,NVIDIA Corp,NVDA,stock,"20,00","0,164625312"
completada,2024-09-26,Dell Technologies Inc,DELL,stock,"20,00","0,162821368"
completada,2024-09-26,NVIDIA Corp,NVDA,stock,"10,00","0,08103859"
completada,2024-09-26,Advanced Micro Devices Inc,AMD,stock,"10,00","0,060585498"
completada,2024-09-26,Tesla Inc,TSLA,stock,"10,00","0,039358921"
completada,2024-09-27,NVIDIA Corp,NVDA,stock,"10,00","0,083300013"
completada,2024-09-27,Dell Technologies Inc,DELL,stock,"10,00","0,082828082"
completada,2024-09-30,Dell Technologies Inc,DELL,stock,"10,00","0,085055711"
completada,2024-10-01,Dell Technologies Inc,DELL,stock,"10,00","0,086640097"
completada,2024-10-02,Tesla Inc,TSLA,stock,"11,33","0,04524941"
completada,2024-10-04,Tesla Inc,TSLA,stock,"10,00","0,040749796"
completada,2024-10-10,Tesla Inc,TSLA,stock,"20,00","0,084839229"
completada,2024-10-10,Advanced Micro Devices Inc,AMD,stock,"10,00","0,060774017"
completada,2024-10-11,Tesla Inc,TSLA,stock,"20,00","0,090300791"
completada,2024-10-14,Tesla Inc,TSLA,stock,"10,00","0,046278299"
completada,2024-10-15,Advanced Micro Devices Inc,AMD,stock,"20,00","0,127383666"
completada,2024-10-15,NVIDIA Corp,NVDA,stock,"10,00","0,076110451"
completada,2024-10-15,Dell Technologies Inc,DELL,stock,"10,00","0,079101408"
completada,2024-10-18,Dell Technologies Inc,DELL,stock,"10,00","0,078563235"
completada,2024-10-22,Dell Technologies Inc,DELL,stock,"10,00","0,083455735"
completada,2024-10-22,Tesla Inc,TSLA,stock,"10,00","0,046241919"
completada,2024-10-24,Advanced Micro Devices Inc,AMD,stock,"10,00","0,065356059"
completada,2024-10-25,Tesla Inc,TSLA,stock,"10,00","0,038004317"
completada,2024-10-28,Dell Technologies Inc,DELL,stock,"10,00","0,08288575"
completada,2024-10-28,Tesla Inc,TSLA,stock,"10,00","0,038061888"
completada,2024-10-29,Tesla Inc,TSLA,stock,"10,00","0,039024085"
completada,2024-10-30,Advanced Micro Devices Inc,AMD,stock,"10,00","0,065872681"
completada,2024-10-30,Advanced Micro Devices Inc,AMD,stock,"10,00","0,065809389"
completada,2024-10-30,Alphabet Inc,GOOG,stock,"10,00","0,056061353"
completada,2024-11-06,Advanced Micro Devices Inc,AMD,stock,"10,00","0,069836303"
completada,2024-11-14,Advanced Micro Devices Inc,AMD,stock,"20,00","0,143129088"
completada,2024-11-14,Dell Technologies Inc,DELL,stock,"10,00","0,074236845"
completada,2024-11-18,Avis Budget Group Inc,CAR,stock,"30,00","0,297613142"
completada,2024-11-18,Alphabet Inc,GOOG,stock,"10,00","0,05729477"
completada,2024-11-18,NVIDIA Corp,NVDA,stock,"20,00","0,143145478"
completada,2024-11-21,Alphabet Inc,GOOG,stock,"10,00","0,060036261"
completada,2024-11-22,NVIDIA Corp,NVDA,stock,"10,00","0,07047415"
completada,2024-11-25,NVIDIA Corp,NVDA,stock,"10,00","0,072527886"
completada,2024-11-29,Advanced Micro Devices Inc,AMD,stock,"10,00","0,073172159"
completada,2024-11-29,Dell Technologies Inc,DELL,stock,"10,00","0,079166534"
completada,2024-11-29,Tesla Inc,TSLA,stock,"20,00","0,059425474"
completada,2024-12-02,Avis Budget Group Inc,CAR,stock,"10,00","0,094353864"
completada,2024-12-03,Avis Budget Group Inc,CAR,stock,"10,00","0,097954705"
completada,2024-12-04,Avis Budget Group Inc,CAR,stock,"10,00","0,100822713"
completada,2024-12-06,Advanced Micro Devices Inc,AMD,stock,"10,00","0,07142653"
completada,2024-12-06,Dell Technologies Inc,DELL,stock,"10,00","0,081041217"
completada,2024-12-09,Advanced Micro Devices Inc,AMD,stock,"20,00","0,149443323"
completada,2024-12-09,NVIDIA Corp,NVDA,stock,"10,00","0,071727778"
completada,2024-12-09,Advanced Micro Devices Inc,AMD,stock,"10,00","0,076664775"
completada,2024-12-10,Dell Technologies Inc,DELL,stock,"20,00","0,16984561"
completada,2024-12-10,NVIDIA Corp,NVDA,stock,"10,00","0,073606265"
completada,2024-12-11,Advanced Micro Devices Inc,AMD,stock,"10,00","0,077965414"
completada,2024-12-12,Avis Budget Group Inc,CAR,stock,"20,00","0,207580852"
completada,2024-12-16,Advanced Micro Devices Inc,AMD,stock,"20,00","0,161441348"
completada,2024-12-16,Avis Budget Group Inc,CAR,stock,"20,00","0,21975607"
completada,2024-12-16,NVIDIA Corp,NVDA,stock,"10,00","0,075640676"
completada,2024-12-17,Dell Technologies Inc,DELL,stock,"10,00","0,084655367"
completada,2024-12-17,NVIDIA Corp,NVDA,stock,"10,00","0,077719401"
completada,2024-12-18,Avis Budget Group Inc,CAR,stock,"10,00","0,113111935"
completada,2024-12-19,Dell Technologies Inc,DELL,stock,"13,21","0,116504683"
completada,2024-12-19,NVIDIA Corp,NVDA,stock,"10,00","0,07620441"
completada,2024-12-19,Advanced Micro Devices Inc,AMD,stock,"20,00","0,165379463"
completada,2024-12-23,Avis Budget Group Inc,CAR,stock,"10,00","0,124149575"
completada,2024-12-26,NVIDIA Corp,NVDA,stock,"10,00","0,072387184"
completada,2024-12-27,Advanced Micro Devices Inc,AMD,stock,"10,00","0,080655568"
completada,2024-12-27,Tesla Inc,TSLA,stock,"10,00","0,022766078"
completada,2024-12-27,Tesla Inc,TSLA,stock,"10,00","0,023228372"
completada,2024-12-30,Dell Technologies Inc,DELL,stock,"11,42","0,099097535"
completada,2025-01-06,Tesla Inc,TSLA,stock,"12,00","0,028850037"
completada,2025-01-07,NVIDIA Corp,NVDA,stock,"20,00","0,141444716"
completada,2025-01-07,Tesla Inc,TSLA,stock,"20,00","0,050868581"
completada,2025-01-10,NVIDIA Corp,NVDA,stock,"10,00","0,073138978"
completada,2025-01-10,Dell Technologies Inc,DELL,stock,"16,93","0,144476114"
completada,2025-01-16,Advanced Micro Devices Inc,AMD,stock,"16,00","0,134243954"
completada,2025-01-16,Dell Technologies Inc,DELL,stock,"14,05","0,127632128"
completada,2025-01-21,Tesla Inc,TSLA,stock,"20,00","0,048316647"
completada,2025-01-23,Dell Technologies Inc,DELL,stock,"10,00","0,088108832"
completada,2025-01-24,NVIDIA Corp,NVDA,stock,"10,00","0,069794385"
completada,2025-02-19,NVIDIA Corp,NVDA,stock,"10,00","0,071716461"
completada,2025-07-17,Dell Technologies Inc,DELL,stock,"20,00","0,161582213"
completada,2025-07-22,Dell Technologies Inc,DELL,stock,"20,00","0,159441317"
completada,2025-07-22,NVIDIA Corp,NVDA,stock,"10,00","0,059503266"
completada,2025-07-22,Advanced Micro Devices Inc,AMD,stock,"20,00","0,1297808"
completada,2025-07-24,Advanced Micro Devices Inc,AMD,stock,"11,00","0,067941496"
completada,2025-07-28,Tesla Inc,TSLA,stock,"121,00","0,36849799"
completada,2025-07-28,Lam Research Corp,LRCX,stock,"33,00","0,335584119"
completada,2025-07-29,Tesla Inc,TSLA,stock,"10,00","0,031212155"
completada,2025-07-31,Lam Research Corp,LRCX,stock,"18,00","0,190892315"
completada,2025-07-31,Tesla Inc,TSLA,stock,"11,00","0,035071162"
completada,2025-08-01,Advanced Micro Devices Inc,AMD,stock,"22,00","0,128125982"
completada,2025-08-01,Dell Technologies Inc,DELL,stock,"26,00","0,20259635"
completada,2025-08-01,NVIDIA Corp,NVDA,stock,"11,00","0,062643082"
completada,2025-08-01,Tesla Inc,TSLA,stock,"11,00","0,035850003"
completada,2025-08-05,Lam Research Corp,LRCX,stock,"11,00","0,113641059"
completada,2025-08-06,Advanced Micro Devices Inc,AMD,stock,"55,00","0,34813652"
completada,2025-08-06,Dell Technologies Inc,DELL,stock,"26,00","0,208573995"
completada,2025-08-06,Lam Research Corp,LRCX,stock,"11,00","0,115999493"
completada,2025-08-12,Advanced Micro Devices Inc,AMD,stock,"10,00","0,05815847"
completada,2025-08-13,Dell Technologies Inc,DELL,stock,"11,00","0,080065216"
completada,2025-08-13,Advanced Micro Devices Inc,AMD,stock,"11,00","0,060709082"
completada,2025-08-14,Tesla Inc,TSLA,stock,"11,00","0,033218377"
completada,2025-08-15,Advanced Micro Devices Inc,AMD,stock,"11,00","0,061690314"
completada,2025-08-15,Lam Research Corp,LRCX,stock,"33,00","0,325835818"
completada,2025-08-18,Lam Research Corp,LRCX,stock,"11,00","0,111315752"
completada,2025-08-19,Advanced Micro Devices Inc,AMD,stock,"22,00","0,129244507"
completada,2025-08-20,Advanced Micro Devices Inc,AMD,stock,"40,00","0,250714536"
completada,2025-08-20,Dell Technologies Inc,DELL,stock,"40,00","0,311715839"
completada,2025-08-20,NVIDIA Corp,NVDA,stock,"26,00","0,153557211"
completada,2025-08-20,Tesla Inc,TSLA,stock,"26,00","0,08235145"
completada,2025-08-25,Advanced Micro Devices Inc,AMD,stock,"11,00","0,067043736"
completada,2025-09-11,Advanced Micro Devices Inc,AMD,stock,"40,00","0,256963716"
completada,2025-09-11,Dell Technologies Inc,DELL,stock,"26,00","0,203953561"
completada,2025-09-11,NVIDIA Corp,NVDA,stock,"10,00","0,056221467"
completada,2025-09-15,Tesla Inc,TSLA,stock,"10,00","0,024386556"
completada,2025-09-17,NVIDIA Corp,NVDA,stock,"20,00","0,116633037"
completada,2025-09-18,Advanced Micro Devices Inc,AMD,stock,"15,00","0,097190545"
completada,2025-09-23,Tesla Inc,TSLA,stock,"10,00","0,023104399"
completada,2025-09-23,NVIDIA Corp,NVDA,stock,"10,00","0,05572645"
completada,2025-09-23,Dell Technologies Inc,DELL,stock,"10,00","0,074642462"
completada,2025-10-02,Dell Technologies Inc,DELL,stock,"15,00","0,102600582"
completada,2025-10-02,Tesla Inc,TSLA,stock,"12,00","0,02703677"
completada,2025-10-03,Tesla Inc,TSLA,stock,"12,00","0,027820409"
completada,2025-10-03,Tesla Inc,TSLA,stock,"11,00","0,026118959"
completada,2025-10-03,Dell Technologies Inc,DELL,stock,"11,00","0,077407006"
completada,2025-10-03,Advanced Micro Devices Inc,AMD,stock,"11,00","0,067022495"
completada,2025-10-09,Tesla Inc,TSLA,stock,"11,00","0,025552752"
completada,2025-10-09,Dell Technologies Inc,DELL,stock,"11,00","0,069456722"
completada,2025-10-09,Advanced Micro Devices Inc,AMD,stock,"11,00","0,047212326"
completada,2025-10-10,Advanced Micro Devices Inc,AMD,stock,"40,00","0,185293272"
completada,2025-10-10,Dell Technologies Inc,DELL,stock,"20,00","0,131338735"
completada,2025-10-10,NVIDIA Corp,NVDA,stock,"14,00","0,074200489"
completada,2025-10-10,Tesla Inc,TSLA,stock,"10,00","0,02366707"
completada,2025-10-10,NVIDIA Corp,NVDA,stock,"11,00","0,059472961"
completada,2025-10-13,Advanced Micro Devices Inc,AMD,stock,"11,00","0,050788139"
completada,2025-10-14,Dell Technologies Inc,DELL,stock,"11,00","0,073621931"
completada,2025-10-15,NVIDIA Corp,NVDA,stock,"11,00","0,061037188"
completada,2025-10-16,Tesla Inc,TSLA,stock,"10,00","0,023244029"
completada,2025-10-16,Dell Technologies Inc,DELL,stock,"10,00","0,066470799"
completada,2025-10-17,Advanced Micro Devices Inc,AMD,stock,"15,00","0,064579458"
completada,2025-10-21,Dell Technologies Inc,DELL,stock,"10,00","0,068264977"
completada,2025-10-21,Advanced Micro Devices Inc,AMD,stock,"10,00","0,042589437"
completada,2025-10-22,Tesla Inc,TSLA,stock,"12,00","0,027584558"
completada,2025-10-22,Dell Technologies Inc,DELL,stock,"10,00","0,067801206"
completada,2025-10-22,Advanced Micro Devices Inc,AMD,stock,"10,00","0,043432939"
completada,2025-10-23,Tesla Inc,TSLA,stock,"19,00","0,045330483"
completada,2025-10-29,NVIDIA Corp,NVDA,stock,"10,00","0,048240197"
completada,2025-10-29,Dell Technologies Inc,DELL,stock,"10,00","0,060911726"
completada,2025-10-30,NVIDIA Corp,NVDA,stock,"10,00","0,049398816"
completada,2025-10-30,Tesla Inc,TSLA,stock,"10,00","0,022406955"
completada,2025-10-30,SPDR Gold Shares,GLD,etf,"50,00","0,135916101"
completada,2025-10-30,Advanced Micro Devices Inc,AMD,stock,"30,00","0,116941739"
completada,2025-10-31,Dell Technologies Inc,DELL,stock,"10,00","0,062605647"
completada,2025-11-04,Advanced Micro Devices Inc,AMD,stock,"15,00","0,059932875"
completada,2025-11-04,Dell Technologies Inc,DELL,stock,"35,00","0,225532902"
completada,2025-11-04,Tesla Inc,TSLA,stock,"20,00","0,044229782"
completada,2025-11-05,Dell Technologies Inc,DELL,stock,"18,00","0,120354645"
completada,2025-11-05,Tesla Inc,TSLA,stock,"10,00","0,022604795"
completada,2025-11-06,Advanced Micro Devices Inc,AMD,stock,"36,00","0,146826108"
completada,2025-11-06,NVIDIA Corp,NVDA,stock,"37,00","0,190480112"
completada,2025-11-06,Advanced Micro Devices Inc,AMD,stock,"20,00","0,084080246"
completada,2025-11-06,Tesla Inc,TSLA,stock,"20,00","0,044674368"
completada,2025-11-06,Dell Technologies Inc,DELL,stock,"20,00","0,133470362"
completada,2025-11-06,NVIDIA Corp,NVDA,stock,"27,00","0,142784617"
completada,2025-11-06,Tesla Inc,TSLA,stock,"20,00","0,045618981"
completada,2025-11-07,Advanced Micro Devices Inc,AMD,stock,"35,00","0,152818408"
completada,2025-11-07,Dell Technologies Inc,DELL,stock,"23,00","0,158749879"
completada,2025-11-07,NVIDIA Corp,NVDA,stock,"28,00","0,153419613"
completada,2025-11-07,Tesla Inc,TSLA,stock,"20,00","0,046956072"
completada,2025-11-10,Dell Technologies Inc,DELL,stock,"20,00","0,14116717"
completada,2025-11-11,Advanced Micro Devices Inc,AMD,stock,"20,00","0,083325"
completada,2025-11-11,Dell Technologies Inc,DELL,stock,"20,00","0,146188144"
completada,2025-11-11,NVIDIA Corp,NVDA,stock,"20,00","0,103778578"
completada,2025-11-11,Tesla Inc,TSLA,stock,"20,00","0,045935405"
completada,2025-11-13,Dell Technologies Inc,DELL,stock,"33,00","0,237365672"
completada,2025-11-13,Tesla Inc,TSLA,stock,"33,00","0,078409755"
completada,2025-11-13,NVIDIA Corp,NVDA,stock,"26,00","0,137480303"
completada,2025-11-13,Tesla Inc,TSLA,stock,"22,00","0,052998"
completada,2025-11-13,Tesla Inc,TSLA,stock,"20,00","0,049534622"
completada,2025-11-13,Dell Technologies Inc,DELL,stock,"20,00","0,146492243"
completada,2025-11-14,Advanced Micro Devices Inc,AMD,stock,"31,00","0,125522334"
completada,2025-11-14,Tesla Inc,TSLA,stock,"25,00","0,063419262"
completada,2025-11-14,Dell Technologies Inc,DELL,stock,"20,00","0,15008705"
completada,2025-11-17,Dell Technologies Inc,DELL,stock,"37,00","0,289678065"
completada,2025-11-17,Dell Technologies Inc,DELL,stock,"23,00","0,184120783"
completada,2025-11-20,Advanced Micro Devices Inc,AMD,stock,"51,47","0,223858525"
completada,2025-11-20,Advanced Micro Devices Inc,AMD,stock,"20,00","0,087291264"
completada,2025-11-24,NVIDIA Corp,NVDA,stock,"57,95","0,323931222"
completada,2025-12-03,Advanced Micro Devices Inc,AMD,stock,"66,33","0,309698565"
completada,2025-12-09,Advanced Micro Devices Inc,AMD,stock,"28,00","0,125785033"
completada,2025-12-11,Advanced Micro Devices Inc,AMD,stock,"20,00","0,094247153"
completada,2025-12-11,NVIDIA Corp,NVDA,stock,"35,00","0,197508013"
completada,2025-12-15,Advanced Micro Devices Inc,AMD,stock,"39,00","0,184697569"
completada,2025-12-15,Dell Technologies Inc,DELL,stock,"56,00","0,429020148"
completada,2025-12-18,Advanced Micro Devices Inc,AMD,stock,"32,00","0,156108222"
completada,2025-12-19,Dell Technologies Inc,DELL,stock,"53,00","0,418258152"
completada,2025-12-26,Tesla Inc,TSLA,stock,"32,00","0,067343751"
completada,2025-12-29,NVIDIA Corp,NVDA,stock,"28,00","0,150119559"
completada,2026-01-02,Tesla Inc,TSLA,stock,"48,00","0,106128477"
completada,2026-01-02,Tesla Inc,TSLA,stock,"23,30","0,052754796"
completada,2026-01-12,NVIDIA Corp,NVDA,stock,"34,93","0,189756516"
completada,2026-01-21,Tesla Inc,TSLA,stock,"64,00","0,149929954"
completada,2026-01-22,Dell Technologies Inc,DELL,stock,"72,00","0,609652836"
completada,2026-01-23,Dell Technologies Inc,DELL,stock,"26,00","0,226342822"
completada,2026-01-26,Advanced Micro Devices Inc,AMD,stock,"20,00","0,079187849"
completada,2026-01-26,Advanced Micro Devices Inc,AMD,stock,"9,00","0,035625222"
completada,2026-01-27,Tesla Inc,TSLA,stock,"27,00","0,062168721"
completada,2026-02-04,Tesla Inc,TSLA,stock,"27,71","0,065743271"
completada,2026-02-27,Tesla Inc,TSLA,stock,"60,00","0,149787302"
completada,2026-03-05,Dell Technologies Inc,DELL,stock,"30,00","0,208986415"
completada,2026-03-05,NVIDIA Corp,NVDA,stock,"90,00","0,502523786"
completada,2026-03-09,Tesla Inc,TSLA,stock,"28,00","0,071946882"
